{
	"info": {
		"_postman_id": "aa33cbdc-78ce-417c-b0ca-689129e2b95e",
		"name": "Matches",
		"schema": "https://schema.getpostman.com/json/collection/v2.1.0/collection.json",
		"_exporter_id": "49208065",
		"_collection_link": "https://gabrielhdzdaw-220232.postman.co/workspace/basketleaguemanager~def53c41-e453-4e60-8166-2e219a5dffca/collection/49208065-aa33cbdc-78ce-417c-b0ca-689129e2b95e?action=share&source=collection_link&creator=49208065"
	},
	"item": [
		{
			"name": "Get matches",
			"protocolProfileBehavior": {
				"disableBodyPruning": true
			},
			"request": {
				"method": "GET",
				"header": [
					{
						"key": "Content-Type",
						"value": "application/json"
					}
				],
				"body": {
					"mode": "raw",
					"raw": ""
				},
				"url": {
					"raw": "{{baseURL}}",
					"host": [
						"{{baseURL}}"
					]
				}
			},
			"response": []
		},
		{
			"name": "Get match by id 200",
			"protocolProfileBehavior": {
				"disableBodyPruning": true
			},
			"request": {
				"method": "GET",
				"header": [
					{
						"key": "Content-Type",
						"value": "application/json"
					}
				],
				"body": {
					"mode": "raw",
					"raw": ""
				},
				"url": {
					"raw": "{{baseURL}}/:id",
					"host": [
						"{{baseURL}}"
					],
					"path": [
						":id"
					],
					"variable": [
						{
							"key": "id",
							"value": "692354897ca9f06ae1ebb4ba"
						}
					]
				}
			},
			"response": []
		},
		{
			"name": "Get match by id 404",
			"protocolProfileBehavior": {
				"disableBodyPruning": true
			},
			"request": {
				"method": "GET",
				"header": [
					{
						"key": "Content-Type",
						"value": "application/json"
					}
				],
				"body": {
					"mode": "raw",
					"raw": ""
				},
				"url": {
					"raw": "{{baseURL}}/:id",
					"host": [
						"{{baseURL}}"
					],
					"path": [
						":id"
					],
					"variable": [
						{
							"key": "id",
							"value": "691891be45f4a1b94d1c810d"
						}
					]
				}
			},
			"response": []
		},
		{
			"name": "Add a match 200",
			"request": {
				"method": "POST",
				"header": [
					{
						"key": "Content-Type",
						"value": "application/json"
					}
				],
				"body": {
					"mode": "raw",
					"raw": "{\r\n    \"tournament\": \"Liga ACB 2024\",\r\n    \"date\": \"2024-03-15T18:00:00.000Z\",\r\n    \"stage\": \"Quarterfinal\",\r\n    \"homeTeam\": \"692354897ca9f06ae1ebb46a\",\r\n    \"awayTeam\": \"692354897ca9f06ae1ebb46b\",\r\n    \"homeScore\": 85,\r\n    \"awayScore\": 78\r\n}"
				},
				"url": {
					"raw": "{{baseURL}}",
					"host": [
						"{{baseURL}}"
					]
				}
			},
			"response": []
		},
		{
			"name": "Add a match 404",
			"request": {
				"method": "POST",
				"header": [],
				"body": {
					"mode": "raw",
					"raw": "{\r\n    \"tournament\": \"Liga ACB 2024\",\r\n    \"date\": \"2024-03-15T18:00:00.000Z\",\r\n    \"stage\": \"Quarterfinal\",\r\n    \"homeTeam\": \"691231be1df4a1b94d1c80bb\",\r\n    \"awayTeam\": \"691891be1df4a1b94d1c80bc\",\r\n    \"homeScore\": 85,\r\n    \"awayScore\": 78\r\n}",
					"options": {
						"raw": {
							"language": "json"
						}
					}
				},
				"url": {
					"raw": "{{baseURL}}",
					"host": [
						"{{baseURL}}"
					]
				}
			},
			"response": []
		},
		{
			"name": "Delete match 200",
			"request": {
				"method": "DELETE",
				"header": [
					{
						"key": "Content-Type",
						"value": "application/json"
					}
				],
				"body": {
					"mode": "raw",
					"raw": ""
				},
				"url": {
					"raw": "{{baseURL}}/:id",
					"host": [
						"{{baseURL}}"
					],
					"path": [
						":id"
					],
					"variable": [
						{
							"key": "id",
							"value": "692354897ca9f06ae1ebb4bf"
						}
					]
				}
			},
			"response": []
		},
		{
			"name": "Delete match 400",
			"request": {
				"method": "DELETE",
				"header": [
					{
						"key": "Content-Type",
						"value": "application/json"
					}
				],
				"body": {
					"mode": "raw",
					"raw": ""
				},
				"url": {
					"raw": "{{baseURL}}/:id",
					"host": [
						"{{baseURL}}"
					],
					"path": [
						":id"
					],
					"variable": [
						{
							"key": "id",
							"value": "691891be1df4a1b4331c8121"
						}
					]
				}
			},
			"response": []
		}
	],
	"event": [
		{
			"listen": "prerequest",
			"script": {
				"type": "text/javascript",
				"packages": {},
				"requests": {},
				"exec": [
					""
				]
			}
		},
		{
			"listen": "test",
			"script": {
				"type": "text/javascript",
				"packages": {},
				"requests": {},
				"exec": [
					""
				]
			}
		}
	],
	"variable": [
		{
			"key": "baseURL",
			"value": ""
		}
	]
}