{
	"info": {
		"_postman_id": "43e14a5a-97b7-4be8-9734-05b187cc48fa",
		"name": "Players",
		"schema": "https://schema.getpostman.com/json/collection/v2.1.0/collection.json",
		"_exporter_id": "49208065",
		"_collection_link": "https://gabrielhdzdaw-220232.postman.co/workspace/basketleaguemanager~def53c41-e453-4e60-8166-2e219a5dffca/collection/49208065-43e14a5a-97b7-4be8-9734-05b187cc48fa?action=share&source=collection_link&creator=49208065"
	},
	"item": [
		{
			"name": "Get players",
			"request": {
				"method": "GET",
				"header": [],
				"url": {
					"raw": "{{baseURL}}",
					"host": [
						"{{baseURL}}"
					]
				}
			},
			"response": []
		},
		{
			"name": "Get player by id 200",
			"request": {
				"method": "GET",
				"header": [],
				"url": {
					"raw": "{{baseURL}}/:id",
					"host": [
						"{{baseURL}}"
					],
					"path": [
						":id"
					],
					"variable": [
						{
							"key": "id",
							"value": "691891be1df4a1b94d1c80b0"
						}
					]
				}
			},
			"response": []
		},
		{
			"name": "Get player by id 404",
			"request": {
				"method": "GET",
				"header": [],
				"url": {
					"raw": "{{baseURL}}/:id",
					"host": [
						"{{baseURL}}"
					],
					"path": [
						":id"
					],
					"variable": [
						{
							"key": "id",
							"value": "691891b31df4a1b94d1c80b1"
						}
					]
				}
			},
			"response": []
		},
		{
			"name": "Get player by name 200",
			"request": {
				"method": "GET",
				"header": [],
				"url": {
					"raw": "{{baseURL}}/find?name=Lorenzo Brown",
					"host": [
						"{{baseURL}}"
					],
					"path": [
						"find"
					],
					"query": [
						{
							"key": "name",
							"value": "Lorenzo Brown"
						}
					]
				}
			},
			"response": []
		},
		{
			"name": "Get player by name 404",
			"request": {
				"method": "GET",
				"header": [],
				"url": {
					"raw": "{{baseURL}}/find?name=Lorenzo Grey",
					"host": [
						"{{baseURL}}"
					],
					"path": [
						"find"
					],
					"query": [
						{
							"key": "name",
							"value": "Lorenzo Grey"
						}
					]
				}
			},
			"response": []
		},
		{
			"name": "Update a player by id 200",
			"request": {
				"method": "PUT",
				"header": [
					{
						"key": "Content-Type",
						"value": "application/json"
					}
				],
				"body": {
					"mode": "raw",
					"raw": "{\r\n    \"nickname\": \"Lentejas\"\r\n}"
				},
				"url": {
					"raw": "{{baseURL}}/:id",
					"host": [
						"{{baseURL}}"
					],
					"path": [
						":id"
					],
					"variable": [
						{
							"key": "id",
							"value": "691891be1df4a1b94d1c80b0"
						}
					]
				}
			},
			"response": []
		},
		{
			"name": "Update a player by id 400",
			"request": {
				"method": "PUT",
				"header": [
					{
						"key": "Content-Type",
						"value": "application/json"
					}
				],
				"body": {
					"mode": "raw",
					"raw": "{\r\n    \"nickname\": \"nedovic\"\r\n}"
				},
				"url": {
					"raw": "{{baseURL}}/:id",
					"host": [
						"{{baseURL}}"
					],
					"path": [
						":id"
					],
					"variable": [
						{
							"key": "id",
							"value": "691891be1df4a1b94d1c80b0"
						}
					]
				}
			},
			"response": []
		},
		{
			"name": "Enter new player 200",
			"request": {
				"method": "POST",
				"header": [
					{
						"key": "Content-Type",
						"value": "application/json"
					}
				],
				"body": {
					"mode": "raw",
					"raw": "{\r\n    \"nickname\": \"Filigrana\",\r\n    \"name\": \"Gabriel Hernández\",\r\n    \"country\": \"ES\",\r\n    \"birthDate\": \"1993-02-16\",\r\n    \"role\": \"alero\"\r\n}",
					"options": {
						"raw": {
							"language": "json"
						}
					}
				},
				"url": {
					"raw": "{{baseURL}}",
					"host": [
						"{{baseURL}}"
					]
				}
			},
			"response": []
		},
		{
			"name": "Enter new player 400",
			"request": {
				"method": "POST",
				"header": [
					{
						"key": "Content-Type",
						"value": "application/json"
					}
				],
				"body": {
					"mode": "raw",
					"raw": "{\r\n    \"nickname\": \"leday\",\r\n    \"name\": \"Gabriel Hernández\",\r\n    \"country\": \"ES\",\r\n    \"birthDate\": \"1993-02-16\",\r\n    \"role\": \"alero\"\r\n}",
					"options": {
						"raw": {
							"language": "json"
						}
					}
				},
				"url": {
					"raw": "{{baseURL}}",
					"host": [
						"{{baseURL}}"
					]
				}
			},
			"response": []
		},
		{
			"name": "Delete player by id 200",
			"request": {
				"method": "DELETE",
				"header": [],
				"url": {
					"raw": "{{baseURL}}/:id",
					"host": [
						"{{baseURL}}"
					],
					"path": [
						":id"
					],
					"variable": [
						{
							"key": "id",
							"value": "691891be1df4a1b94d1c80af"
						}
					]
				}
			},
			"response": []
		},
		{
			"name": "Delete player by id 404",
			"request": {
				"method": "DELETE",
				"header": [],
				"url": {
					"raw": "{{baseURL}}/:id",
					"host": [
						"{{baseURL}}"
					],
					"path": [
						":id"
					],
					"variable": [
						{
							"key": "id",
							"value": "6918e321ef1a0ae092f07a56"
						}
					]
				}
			},
			"response": []
		}
	],
	"event": [
		{
			"listen": "prerequest",
			"script": {
				"type": "text/javascript",
				"packages": {},
				"requests": {},
				"exec": [
					""
				]
			}
		},
		{
			"listen": "test",
			"script": {
				"type": "text/javascript",
				"packages": {},
				"requests": {},
				"exec": [
					""
				]
			}
		}
	],
	"variable": [
		{
			"key": "baseURL",
			"value": ""
		}
	]
}