{
	"info": {
		"_postman_id": "9924fd31-13d9-4539-8296-2289fb34d90f",
		"name": "Teams",
		"schema": "https://schema.getpostman.com/json/collection/v2.1.0/collection.json",
		"_exporter_id": "49208065",
		"_collection_link": "https://gabrielhdzdaw-220232.postman.co/workspace/basketleaguemanager~def53c41-e453-4e60-8166-2e219a5dffca/collection/49208065-9924fd31-13d9-4539-8296-2289fb34d90f?action=share&source=collection_link&creator=49208065"
	},
	"item": [
		{
			"name": "Get teams",
			"request": {
				"method": "GET",
				"header": [],
				"url": {
					"raw": "{{baseURL}}",
					"host": [
						"{{baseURL}}"
					]
				}
			},
			"response": []
		},
		{
			"name": "Get team by id 200",
			"request": {
				"method": "GET",
				"header": [],
				"url": {
					"raw": "{{baseURL}}/:id",
					"host": [
						"{{baseURL}}"
					],
					"path": [
						":id"
					],
					"variable": [
						{
							"key": "id",
							"value": "691891be1df4a1b94d1c80bb"
						}
					]
				}
			},
			"response": []
		},
		{
			"name": "Get team by id 404",
			"request": {
				"method": "GET",
				"header": [],
				"url": {
					"raw": "{{baseURL}}/:id",
					"host": [
						"{{baseURL}}"
					],
					"path": [
						":id"
					],
					"variable": [
						{
							"key": "id",
							"value": "691891be1d43a1b94d1c80bb"
						}
					]
				}
			},
			"response": []
		},
		{
			"name": "Add player to roster 200",
			"request": {
				"method": "POST",
				"header": [],
				"body": {
					"mode": "raw",
					"raw": "{\r\n  \"player\": \"691b16d62ca6968143a2689a\",\r\n  \"joinDate\": \"2024-01-15\",\r\n  \"active\": true\r\n}",
					"options": {
						"raw": {
							"language": "json"
						}
					}
				},
				"url": {
					"raw": "{{baseURL}}/:id/roster",
					"host": [
						"{{baseURL}}"
					],
					"path": [
						":id",
						"roster"
					],
					"variable": [
						{
							"key": "id",
							"value": "691b162c1d66575f67021e81"
						}
					]
				}
			},
			"response": []
		},
		{
			"name": "Add player to roster Copy",
			"request": {
				"method": "POST",
				"header": [],
				"body": {
					"mode": "raw",
					"raw": "{\r\n  \"player\": \"691b16d62ca6968143a2689a\",\r\n  \"joinDate\": \"2024-01-15\",\r\n  \"active\": true\r\n}",
					"options": {
						"raw": {
							"language": "json"
						}
					}
				},
				"url": {
					"raw": "{{baseURL}}/:id/roster",
					"host": [
						"{{baseURL}}"
					],
					"path": [
						":id",
						"roster"
					],
					"variable": [
						{
							"key": "id",
							"value": "\"691891be1df4a1b94d1c80bb"
						}
					]
				}
			},
			"response": []
		},
		{
			"name": "Add a team 200",
			"request": {
				"method": "POST",
				"header": [],
				"body": {
					"mode": "raw",
					"raw": "{\r\n    \"name\": \"Los Chavales\",\r\n    \"foundedAt\": \"1993-02-16\"\r\n}",
					"options": {
						"raw": {
							"language": "json"
						}
					}
				},
				"url": {
					"raw": "{{baseURL}}",
					"host": [
						"{{baseURL}}"
					]
				}
			},
			"response": []
		},
		{
			"name": "Add a team 400",
			"request": {
				"method": "POST",
				"header": [],
				"body": {
					"mode": "raw",
					"raw": "{\r\n    \"name\": \"Real Madrid\",\r\n    \"foundedAt\": \"1993-02-16\"\r\n}",
					"options": {
						"raw": {
							"language": "json"
						}
					}
				},
				"url": {
					"raw": "{{baseURL}}",
					"host": [
						"{{baseURL}}"
					]
				}
			},
			"response": []
		},
		{
			"name": "Deactivate player 200",
			"request": {
				"method": "DELETE",
				"header": [],
				"url": {
					"raw": "{{baseURL}}/:id/roster/:playerId",
					"host": [
						"{{baseURL}}"
					],
					"path": [
						":id",
						"roster",
						":playerId"
					],
					"variable": [
						{
							"key": "id",
							"value": "691891be1df4a1b94d1c80bb"
						},
						{
							"key": "playerId",
							"value": "691891be1df4a1b94d1c8095"
						}
					]
				}
			},
			"response": []
		},
		{
			"name": "Deactivate player 404",
			"request": {
				"method": "DELETE",
				"header": [],
				"url": {
					"raw": "{{baseURL}}/:id/roster/:playerId",
					"host": [
						"{{baseURL}}"
					],
					"path": [
						":id",
						"roster",
						":playerId"
					],
					"variable": [
						{
							"key": "id",
							"value": "691891be1df4a1b94d1c80bb"
						},
						{
							"key": "playerId",
							"value": "691891be1df4a1b94d1c8095"
						}
					]
				}
			},
			"response": []
		},
		{
			"name": "Delete team 200",
			"request": {
				"method": "DELETE",
				"header": [],
				"body": {
					"mode": "raw",
					"raw": "{\r\n  \"player\": \"691b16d62ca6968143a2689a\",\r\n  \"joinDate\": \"2024-01-15\",\r\n  \"active\": true\r\n}"
				},
				"url": {
					"raw": "{{baseURL}}/:id",
					"host": [
						"{{baseURL}}"
					],
					"path": [
						":id"
					],
					"variable": [
						{
							"key": "id",
							"value": "691891be1df4a1b94d1c80bb"
						}
					]
				}
			},
			"response": []
		},
		{
			"name": "Delete team 404",
			"request": {
				"method": "DELETE",
				"header": [],
				"body": {
					"mode": "raw",
					"raw": "{\r\n  \"player\": \"691b16d62ca6968143a2689a\",\r\n  \"joinDate\": \"2024-01-15\",\r\n  \"active\": true\r\n}"
				},
				"url": {
					"raw": "{{baseURL}}/:id",
					"host": [
						"{{baseURL}}"
					],
					"path": [
						":id"
					],
					"variable": [
						{
							"key": "id",
							"value": "691b1883392c5a87799232e5"
						}
					]
				}
			},
			"response": []
		}
	],
	"event": [
		{
			"listen": "prerequest",
			"script": {
				"type": "text/javascript",
				"packages": {},
				"requests": {},
				"exec": [
					""
				]
			}
		},
		{
			"listen": "test",
			"script": {
				"type": "text/javascript",
				"packages": {},
				"requests": {},
				"exec": [
					""
				]
			}
		}
	],
	"variable": [
		{
			"key": "baseURL",
			"value": ""
		}
	]
}